,Network,Station,Location,Channel,Start,End
0,1J,TI4A,,CH1,2018-12-24T13:50:17.724000Z,2018-12-25T00:00:00.000000Z
1,1J,TI4A,,CH2,2018-12-24T13:50:17.464000Z,2018-12-25T00:00:00.000000Z
2,1J,TI4A,,CHZ,2018-12-24T13:50:17.694000Z,2018-12-25T00:00:00.000000Z
3,1J,TI3A,,CH1,2018-12-24T00:00:00.000000Z,2018-12-25T00:00:00.000000Z
4,1J,TI3A,,CH2,2018-12-24T00:00:00.000000Z,2018-12-25T00:00:00.000000Z
5,1J,TI3A,,CHZ,2018-12-24T00:00:00.000000Z,2018-12-25T00:00:00.000000Z
6,1J,TI8A,,CH1,2018-12-24T00:00:00.000000Z,2018-12-25T00:00:00.000000Z
7,1J,TI8A,,CH2,2018-12-24T00:00:00.000000Z,2018-12-25T00:00:00.000000Z
8,1J,TI8A,,CHZ,2018-12-24T00:00:00.000000Z,2018-12-25T00:00:00.000000Z
9,1J,TI6A,,CH1,2018-12-24T12:51:31.076000Z,2018-12-25T00:00:00.000000Z
10,1J,TI6A,,CH2,2018-12-24T12:51:31.046000Z,2018-12-25T00:00:00.000000Z
11,1J,TI6A,,CHZ,2018-12-24T12:51:31.480000Z,2018-12-25T00:00:00.000000Z
12,1J,TI1A,,CH1,2018-12-24T16:15:19.890000Z,2018-12-25T00:00:00.000000Z
13,1J,TI1A,,CH2,2018-12-24T16:15:20.094000Z,2018-12-25T00:00:00.000000Z
14,1J,TI1A,,CHZ,2018-12-24T16:15:20.022000Z,2018-12-25T00:00:00.000000Z
15,1J,TI7A,,CH1,2018-12-24T14:45:14.798000Z,2018-12-25T00:00:00.000000Z
16,1J,TI7A,,CH2,2018-12-24T14:45:14.384000Z,2018-12-25T00:00:00.000000Z
17,1J,TI7A,,CHZ,2018-12-24T14:45:14.786000Z,2018-12-25T00:00:00.000000Z
18,1J,TI4A,,CH1,2018-12-25T00:00:00.000000Z,2018-12-26T00:00:00.000000Z
19,1J,TI4A,,CH2,2018-12-25T00:00:00.000000Z,2018-12-26T00:00:00.000000Z
20,1J,TI4A,,CHZ,2018-12-25T00:00:00.000000Z,2018-12-26T00:00:00.000000Z
21,1J,TI3A,,CH1,2018-12-25T00:00:00.000000Z,2018-12-26T00:00:00.000000Z
22,1J,TI3A,,CH2,2018-12-25T00:00:00.000000Z,2018-12-26T00:00:00.000000Z
23,1J,TI3A,,CHZ,2018-12-25T00:00:00.000000Z,2018-12-26T00:00:00.000000Z
24,1J,TI8A,,CH1,2018-12-25T00:00:00.000000Z,2018-12-26T00:00:00.000000Z
25,1J,TI8A,,CH2,2018-12-25T00:00:00.000000Z,2018-12-26T00:00:00.000000Z
26,1J,TI8A,,CHZ,2018-12-25T00:00:00.000000Z,2018-12-26T00:00:00.000000Z
27,1J,TI6A,,CH1,2018-12-25T00:00:00.000000Z,2018-12-26T00:00:00.000000Z
28,1J,TI6A,,CH2,2018-12-25T00:00:00.000000Z,2018-12-26T00:00:00.000000Z
29,1J,TI6A,,CHZ,2018-12-25T00:00:00.000000Z,2018-12-26T00:00:00.000000Z
30,1J,TI1A,,CH1,2018-12-25T00:00:00.000000Z,2018-12-26T00:00:00.000000Z
31,1J,TI1A,,CH2,2018-12-25T00:00:00.000000Z,2018-12-26T00:00:00.000000Z
32,1J,TI1A,,CHZ,2018-12-25T00:00:00.000000Z,2018-12-26T00:00:00.000000Z
33,1J,TI7A,,CH1,2018-12-25T00:00:00.000000Z,2018-12-26T00:00:00.000000Z
34,1J,TI7A,,CH2,2018-12-25T00:00:00.000000Z,2018-12-26T00:00:00.000000Z
35,1J,TI7A,,CHZ,2018-12-25T00:00:00.000000Z,2018-12-26T00:00:00.000000Z
36,1J,TI4A,,CH1,2018-12-26T00:00:00.000000Z,2018-12-27T00:00:00.000000Z
37,1J,TI4A,,CH2,2018-12-26T00:00:00.000000Z,2018-12-27T00:00:00.000000Z
38,1J,TI4A,,CHZ,2018-12-26T00:00:00.000000Z,2018-12-27T00:00:00.000000Z
39,1J,TI3A,,CH1,2018-12-26T00:00:00.000000Z,2018-12-27T00:00:00.000000Z
40,1J,TI3A,,CH2,2018-12-26T00:00:00.000000Z,2018-12-27T00:00:00.000000Z
41,1J,TI3A,,CHZ,2018-12-26T00:00:00.000000Z,2018-12-27T00:00:00.000000Z
42,1J,TI8A,,CH1,2018-12-26T00:00:00.000000Z,2018-12-27T00:00:00.000000Z
43,1J,TI8A,,CH2,2018-12-26T00:00:00.000000Z,2018-12-27T00:00:00.000000Z
44,1J,TI8A,,CHZ,2018-12-26T00:00:00.000000Z,2018-12-27T00:00:00.000000Z
45,1J,TI6A,,CH1,2018-12-26T00:00:00.000000Z,2018-12-27T00:00:00.000000Z
46,1J,TI6A,,CH2,2018-12-26T00:00:00.000000Z,2018-12-27T00:00:00.000000Z
47,1J,TI6A,,CHZ,2018-12-26T00:00:00.000000Z,2018-12-27T00:00:00.000000Z
48,1J,TI1A,,CH1,2018-12-26T00:00:00.000000Z,2018-12-27T00:00:00.000000Z
49,1J,TI1A,,CH2,2018-12-26T00:00:00.000000Z,2018-12-27T00:00:00.000000Z
50,1J,TI1A,,CHZ,2018-12-26T00:00:00.000000Z,2018-12-27T00:00:00.000000Z
51,1J,TI7A,,CH1,2018-12-26T00:00:00.000000Z,2018-12-27T00:00:00.000000Z
52,1J,TI7A,,CH2,2018-12-26T00:00:00.000000Z,2018-12-27T00:00:00.000000Z
53,1J,TI7A,,CHZ,2018-12-26T00:00:00.000000Z,2018-12-27T00:00:00.000000Z
54,1J,TI4A,,CH1,2018-12-27T00:00:00.000000Z,2018-12-28T00:00:00.000000Z
55,1J,TI4A,,CH2,2018-12-27T00:00:00.000000Z,2018-12-28T00:00:00.000000Z
56,1J,TI4A,,CHZ,2018-12-27T00:00:00.000000Z,2018-12-28T00:00:00.000000Z
57,1J,TI3A,,CH1,2018-12-27T00:00:00.000000Z,2018-12-28T00:00:00.000000Z
58,1J,TI3A,,CH2,2018-12-27T00:00:00.000000Z,2018-12-28T00:00:00.000000Z
59,1J,TI3A,,CHZ,2018-12-27T00:00:00.000000Z,2018-12-28T00:00:00.000000Z
60,1J,TI8A,,CH1,2018-12-27T00:00:00.000000Z,2018-12-28T00:00:00.000000Z
61,1J,TI8A,,CH2,2018-12-27T00:00:00.000000Z,2018-12-28T00:00:00.000000Z
62,1J,TI8A,,CHZ,2018-12-27T00:00:00.000000Z,2018-12-28T00:00:00.000000Z
63,1J,TI6A,,CH1,2018-12-27T00:00:00.000000Z,2018-12-28T00:00:00.000000Z
64,1J,TI6A,,CH2,2018-12-27T00:00:00.000000Z,2018-12-28T00:00:00.000000Z
65,1J,TI6A,,CHZ,2018-12-27T00:00:00.000000Z,2018-12-28T00:00:00.000000Z
66,1J,TI1A,,CH1,2018-12-27T00:00:00.000000Z,2018-12-28T00:00:00.000000Z
67,1J,TI1A,,CH2,2018-12-27T00:00:00.000000Z,2018-12-28T00:00:00.000000Z
68,1J,TI1A,,CHZ,2018-12-27T00:00:00.000000Z,2018-12-28T00:00:00.000000Z
69,1J,TI7A,,CH1,2018-12-27T00:00:00.000000Z,2018-12-28T00:00:00.000000Z
70,1J,TI7A,,CH2,2018-12-27T00:00:00.000000Z,2018-12-28T00:00:00.000000Z
71,1J,TI7A,,CHZ,2018-12-27T00:00:00.000000Z,2018-12-28T00:00:00.000000Z
72,1J,TI4A,,CH1,2018-12-28T00:00:00.000000Z,2018-12-29T00:00:00.000000Z
73,1J,TI4A,,CH2,2018-12-28T00:00:00.000000Z,2018-12-29T00:00:00.000000Z
74,1J,TI4A,,CHZ,2018-12-28T00:00:00.000000Z,2018-12-29T00:00:00.000000Z
75,1J,TI3A,,CH1,2018-12-28T00:00:00.000000Z,2018-12-29T00:00:00.000000Z
76,1J,TI3A,,CH2,2018-12-28T00:00:00.000000Z,2018-12-29T00:00:00.000000Z
77,1J,TI3A,,CHZ,2018-12-28T00:00:00.000000Z,2018-12-29T00:00:00.000000Z
78,1J,TI8A,,CH1,2018-12-28T00:00:00.000000Z,2018-12-29T00:00:00.000000Z
79,1J,TI8A,,CH2,2018-12-28T00:00:00.000000Z,2018-12-29T00:00:00.000000Z
80,1J,TI8A,,CHZ,2018-12-28T00:00:00.000000Z,2018-12-29T00:00:00.000000Z
81,1J,TI6A,,CH1,2018-12-28T00:00:00.000000Z,2018-12-29T00:00:00.000000Z
82,1J,TI6A,,CH2,2018-12-28T00:00:00.000000Z,2018-12-29T00:00:00.000000Z
83,1J,TI6A,,CHZ,2018-12-28T00:00:00.000000Z,2018-12-29T00:00:00.000000Z
84,1J,TI1A,,CH1,2018-12-28T00:00:00.000000Z,2018-12-29T00:00:00.000000Z
85,1J,TI1A,,CH2,2018-12-28T00:00:00.000000Z,2018-12-29T00:00:00.000000Z
86,1J,TI1A,,CHZ,2018-12-28T00:00:00.000000Z,2018-12-29T00:00:00.000000Z
87,1J,TI7A,,CH1,2018-12-28T00:00:00.000000Z,2018-12-29T00:00:00.000000Z
88,1J,TI7A,,CH2,2018-12-28T00:00:00.000000Z,2018-12-29T00:00:00.000000Z
89,1J,TI7A,,CHZ,2018-12-28T00:00:00.000000Z,2018-12-29T00:00:00.000000Z
90,1J,TI4A,,CH1,2018-12-29T00:00:00.000000Z,2018-12-30T00:00:00.000000Z
91,1J,TI4A,,CH2,2018-12-29T00:00:00.000000Z,2018-12-30T00:00:00.000000Z
92,1J,TI4A,,CHZ,2018-12-29T00:00:00.000000Z,2018-12-30T00:00:00.000000Z
93,1J,TI3A,,CH1,2018-12-29T00:00:00.000000Z,2018-12-30T00:00:00.000000Z
94,1J,TI3A,,CH2,2018-12-29T00:00:00.000000Z,2018-12-30T00:00:00.000000Z
95,1J,TI3A,,CHZ,2018-12-29T00:00:00.000000Z,2018-12-30T00:00:00.000000Z
96,1J,TI8A,,CH1,2018-12-29T00:00:00.000000Z,2018-12-30T00:00:00.000000Z
97,1J,TI8A,,CH2,2018-12-29T00:00:00.000000Z,2018-12-30T00:00:00.000000Z
98,1J,TI8A,,CHZ,2018-12-29T00:00:00.000000Z,2018-12-30T00:00:00.000000Z
99,1J,TI6A,,CH1,2018-12-29T00:00:00.000000Z,2018-12-30T00:00:00.000000Z
100,1J,TI6A,,CH2,2018-12-29T00:00:00.000000Z,2018-12-30T00:00:00.000000Z
101,1J,TI6A,,CHZ,2018-12-29T00:00:00.000000Z,2018-12-30T00:00:00.000000Z
102,1J,TI1A,,CH1,2018-12-29T00:00:00.000000Z,2018-12-30T00:00:00.000000Z
103,1J,TI1A,,CH2,2018-12-29T00:00:00.000000Z,2018-12-30T00:00:00.000000Z
104,1J,TI1A,,CHZ,2018-12-29T00:00:00.000000Z,2018-12-30T00:00:00.000000Z
105,1J,TI7A,,CH1,2018-12-29T00:00:00.000000Z,2018-12-30T00:00:00.000000Z
106,1J,TI7A,,CH2,2018-12-29T00:00:00.000000Z,2018-12-30T00:00:00.000000Z
107,1J,TI7A,,CHZ,2018-12-29T00:00:00.000000Z,2018-12-30T00:00:00.000000Z
108,1J,TI4A,,CH1,2018-12-30T00:00:00.000000Z,2018-12-31T00:00:00.000000Z
109,1J,TI4A,,CH2,2018-12-30T00:00:00.000000Z,2018-12-31T00:00:00.000000Z
110,1J,TI4A,,CHZ,2018-12-30T00:00:00.000000Z,2018-12-31T00:00:00.000000Z
111,1J,TI3A,,CH1,2018-12-30T00:00:00.000000Z,2018-12-31T00:00:00.000000Z
112,1J,TI3A,,CH2,2018-12-30T00:00:00.000000Z,2018-12-31T00:00:00.000000Z
113,1J,TI3A,,CHZ,2018-12-30T00:00:00.000000Z,2018-12-31T00:00:00.000000Z
114,1J,TI8A,,CH1,2018-12-30T00:00:00.000000Z,2018-12-31T00:00:00.000000Z
115,1J,TI8A,,CH2,2018-12-30T00:00:00.000000Z,2018-12-31T00:00:00.000000Z
116,1J,TI8A,,CHZ,2018-12-30T00:00:00.000000Z,2018-12-31T00:00:00.000000Z
117,1J,TI6A,,CH1,2018-12-30T00:00:00.000000Z,2018-12-31T00:00:00.000000Z
118,1J,TI6A,,CH2,2018-12-30T00:00:00.000000Z,2018-12-31T00:00:00.000000Z
119,1J,TI6A,,CHZ,2018-12-30T00:00:00.000000Z,2018-12-31T00:00:00.000000Z
120,1J,TI1A,,CH1,2018-12-30T00:00:00.000000Z,2018-12-31T00:00:00.000000Z
121,1J,TI1A,,CH2,2018-12-30T00:00:00.000000Z,2018-12-31T00:00:00.000000Z
122,1J,TI1A,,CHZ,2018-12-30T00:00:00.000000Z,2018-12-31T00:00:00.000000Z
123,1J,TI7A,,CH1,2018-12-30T00:00:00.000000Z,2018-12-31T00:00:00.000000Z
124,1J,TI7A,,CH2,2018-12-30T00:00:00.000000Z,2018-12-31T00:00:00.000000Z
125,1J,TI7A,,CHZ,2018-12-30T00:00:00.000000Z,2018-12-31T00:00:00.000000Z
126,1J,TI4A,,CH1,2018-12-31T00:00:00.000000Z,2019-01-01T00:00:00.000000Z
127,1J,TI4A,,CH2,2018-12-31T00:00:00.000000Z,2019-01-01T00:00:00.000000Z
128,1J,TI4A,,CHZ,2018-12-31T00:00:00.000000Z,2019-01-01T00:00:00.000000Z
129,1J,TI3A,,CH1,2018-12-31T00:00:00.000000Z,2019-01-01T00:00:00.000000Z
130,1J,TI3A,,CH2,2018-12-31T00:00:00.000000Z,2019-01-01T00:00:00.000000Z
131,1J,TI3A,,CHZ,2018-12-31T00:00:00.000000Z,2019-01-01T00:00:00.000000Z
132,1J,TI8A,,CH1,2018-12-31T00:00:00.000000Z,2019-01-01T00:00:00.000000Z
133,1J,TI8A,,CH2,2018-12-31T00:00:00.000000Z,2019-01-01T00:00:00.000000Z
134,1J,TI8A,,CHZ,2018-12-31T00:00:00.000000Z,2019-01-01T00:00:00.000000Z
135,1J,TI6A,,CH1,2018-12-31T00:00:00.000000Z,2019-01-01T00:00:00.000000Z
136,1J,TI6A,,CH2,2018-12-31T00:00:00.000000Z,2019-01-01T00:00:00.000000Z
137,1J,TI6A,,CHZ,2018-12-31T00:00:00.000000Z,2019-01-01T00:00:00.000000Z
138,1J,TI1A,,CH1,2018-12-31T00:00:00.000000Z,2019-01-01T00:00:00.000000Z
139,1J,TI1A,,CH2,2018-12-31T00:00:00.000000Z,2019-01-01T00:00:00.000000Z
140,1J,TI1A,,CHZ,2018-12-31T00:00:00.000000Z,2019-01-01T00:00:00.000000Z
141,1J,TI7A,,CH1,2018-12-31T00:00:00.000000Z,2019-01-01T00:00:00.000000Z
142,1J,TI7A,,CH2,2018-12-31T00:00:00.000000Z,2019-01-01T00:00:00.000000Z
143,1J,TI7A,,CHZ,2018-12-31T00:00:00.000000Z,2019-01-01T00:00:00.000000Z
144,1J,TI4A,,CH1,2019-01-01T00:00:00.000000Z,2019-01-02T00:00:00.000000Z
145,1J,TI4A,,CH2,2019-01-01T00:00:00.000000Z,2019-01-02T00:00:00.000000Z
146,1J,TI4A,,CHZ,2019-01-01T00:00:00.000000Z,2019-01-02T00:00:00.000000Z
147,1J,TI3A,,CH1,2019-01-01T00:00:00.000000Z,2019-01-02T00:00:00.000000Z
148,1J,TI3A,,CH2,2019-01-01T00:00:00.000000Z,2019-01-02T00:00:00.000000Z
149,1J,TI3A,,CHZ,2019-01-01T00:00:00.000000Z,2019-01-02T00:00:00.000000Z
150,1J,TI8A,,CH1,2019-01-01T00:00:00.000000Z,2019-01-02T00:00:00.000000Z
151,1J,TI8A,,CH2,2019-01-01T00:00:00.000000Z,2019-01-02T00:00:00.000000Z
152,1J,TI8A,,CHZ,2019-01-01T00:00:00.000000Z,2019-01-02T00:00:00.000000Z
153,1J,TI6A,,CH1,2019-01-01T00:00:00.000000Z,2019-01-02T00:00:00.000000Z
154,1J,TI6A,,CH2,2019-01-01T00:00:00.000000Z,2019-01-02T00:00:00.000000Z
155,1J,TI6A,,CHZ,2019-01-01T00:00:00.000000Z,2019-01-02T00:00:00.000000Z
156,1J,TI1A,,CH1,2019-01-01T00:00:00.000000Z,2019-01-02T00:00:00.000000Z
157,1J,TI1A,,CH2,2019-01-01T00:00:00.000000Z,2019-01-02T00:00:00.000000Z
158,1J,TI1A,,CHZ,2019-01-01T00:00:00.000000Z,2019-01-02T00:00:00.000000Z
159,1J,TI7A,,CH1,2019-01-01T00:00:00.000000Z,2019-01-02T00:00:00.000000Z
160,1J,TI7A,,CH2,2019-01-01T00:00:00.000000Z,2019-01-02T00:00:00.000000Z
161,1J,TI7A,,CHZ,2019-01-01T00:00:00.000000Z,2019-01-02T00:00:00.000000Z
162,1J,TI4A,,CH1,2019-01-02T00:00:00.000000Z,2019-01-03T00:00:00.000000Z
163,1J,TI4A,,CH2,2019-01-02T00:00:00.000000Z,2019-01-03T00:00:00.000000Z
164,1J,TI4A,,CHZ,2019-01-02T00:00:00.000000Z,2019-01-03T00:00:00.000000Z
165,1J,TI3A,,CH1,2019-01-02T00:00:00.000000Z,2019-01-03T00:00:00.000000Z
166,1J,TI3A,,CH2,2019-01-02T00:00:00.000000Z,2019-01-03T00:00:00.000000Z
167,1J,TI3A,,CHZ,2019-01-02T00:00:00.000000Z,2019-01-03T00:00:00.000000Z
168,1J,TI8A,,CH1,2019-01-02T00:00:00.000000Z,2019-01-03T00:00:00.000000Z
169,1J,TI8A,,CH2,2019-01-02T00:00:00.000000Z,2019-01-03T00:00:00.000000Z
170,1J,TI8A,,CHZ,2019-01-02T00:00:00.000000Z,2019-01-03T00:00:00.000000Z
171,1J,TI6A,,CH1,2019-01-02T00:00:00.000000Z,2019-01-03T00:00:00.000000Z
172,1J,TI6A,,CH2,2019-01-02T00:00:00.000000Z,2019-01-03T00:00:00.000000Z
173,1J,TI6A,,CHZ,2019-01-02T00:00:00.000000Z,2019-01-03T00:00:00.000000Z
174,1J,TI1A,,CH1,2019-01-02T00:00:00.000000Z,2019-01-03T00:00:00.000000Z
175,1J,TI1A,,CH2,2019-01-02T00:00:00.000000Z,2019-01-03T00:00:00.000000Z
176,1J,TI1A,,CHZ,2019-01-02T00:00:00.000000Z,2019-01-03T00:00:00.000000Z
177,1J,TI7A,,CH1,2019-01-02T00:00:00.000000Z,2019-01-03T00:00:00.000000Z
178,1J,TI7A,,CH2,2019-01-02T00:00:00.000000Z,2019-01-03T00:00:00.000000Z
179,1J,TI7A,,CHZ,2019-01-02T00:00:00.000000Z,2019-01-03T00:00:00.000000Z
180,1J,TI4A,,CH1,2019-01-03T00:00:00.000000Z,2019-01-04T00:00:00.000000Z
181,1J,TI4A,,CH2,2019-01-03T00:00:00.000000Z,2019-01-04T00:00:00.000000Z
182,1J,TI4A,,CHZ,2019-01-03T00:00:00.000000Z,2019-01-04T00:00:00.000000Z
183,1J,TI3A,,CH1,2019-01-03T00:00:00.000000Z,2019-01-04T00:00:00.000000Z
184,1J,TI3A,,CH2,2019-01-03T00:00:00.000000Z,2019-01-04T00:00:00.000000Z
185,1J,TI3A,,CHZ,2019-01-03T00:00:00.000000Z,2019-01-04T00:00:00.000000Z
186,1J,TI8A,,CH1,2019-01-03T00:00:00.000000Z,2019-01-04T00:00:00.000000Z
187,1J,TI8A,,CH2,2019-01-03T00:00:00.000000Z,2019-01-04T00:00:00.000000Z
188,1J,TI8A,,CHZ,2019-01-03T00:00:00.000000Z,2019-01-04T00:00:00.000000Z
189,1J,TI6A,,CH1,2019-01-03T00:00:00.000000Z,2019-01-04T00:00:00.000000Z
190,1J,TI6A,,CH2,2019-01-03T00:00:00.000000Z,2019-01-04T00:00:00.000000Z
191,1J,TI6A,,CHZ,2019-01-03T00:00:00.000000Z,2019-01-04T00:00:00.000000Z
192,1J,TI1A,,CH1,2019-01-03T00:00:00.000000Z,2019-01-04T00:00:00.000000Z
193,1J,TI1A,,CH2,2019-01-03T00:00:00.000000Z,2019-01-04T00:00:00.000000Z
194,1J,TI1A,,CHZ,2019-01-03T00:00:00.000000Z,2019-01-04T00:00:00.000000Z
195,1J,TI7A,,CH1,2019-01-03T00:00:00.000000Z,2019-01-04T00:00:00.000000Z
196,1J,TI7A,,CH2,2019-01-03T00:00:00.000000Z,2019-01-04T00:00:00.000000Z
197,1J,TI7A,,CHZ,2019-01-03T00:00:00.000000Z,2019-01-04T00:00:00.000000Z
198,1J,TI4A,,CH1,2019-01-04T00:00:00.000000Z,2019-01-05T00:00:00.000000Z
199,1J,TI4A,,CH2,2019-01-04T00:00:00.000000Z,2019-01-05T00:00:00.000000Z
200,1J,TI4A,,CHZ,2019-01-04T00:00:00.000000Z,2019-01-05T00:00:00.000000Z
201,1J,TI3A,,CH1,2019-01-04T00:00:00.000000Z,2019-01-05T00:00:00.000000Z
202,1J,TI3A,,CH2,2019-01-04T00:00:00.000000Z,2019-01-05T00:00:00.000000Z
203,1J,TI3A,,CHZ,2019-01-04T00:00:00.000000Z,2019-01-05T00:00:00.000000Z
204,1J,TI8A,,CH1,2019-01-04T00:00:00.000000Z,2019-01-05T00:00:00.000000Z
205,1J,TI8A,,CH2,2019-01-04T00:00:00.000000Z,2019-01-05T00:00:00.000000Z
206,1J,TI8A,,CHZ,2019-01-04T00:00:00.000000Z,2019-01-05T00:00:00.000000Z
207,1J,TI6A,,CH1,2019-01-04T00:00:00.000000Z,2019-01-05T00:00:00.000000Z
208,1J,TI6A,,CH2,2019-01-04T00:00:00.000000Z,2019-01-05T00:00:00.000000Z
209,1J,TI6A,,CHZ,2019-01-04T00:00:00.000000Z,2019-01-05T00:00:00.000000Z
210,1J,TI1A,,CH1,2019-01-04T00:00:00.000000Z,2019-01-05T00:00:00.000000Z
211,1J,TI1A,,CH2,2019-01-04T00:00:00.000000Z,2019-01-05T00:00:00.000000Z
212,1J,TI1A,,CHZ,2019-01-04T00:00:00.000000Z,2019-01-05T00:00:00.000000Z
213,1J,TI7A,,CH1,2019-01-04T00:00:00.000000Z,2019-01-05T00:00:00.000000Z
214,1J,TI7A,,CH2,2019-01-04T00:00:00.000000Z,2019-01-05T00:00:00.000000Z
215,1J,TI7A,,CHZ,2019-01-04T00:00:00.000000Z,2019-01-05T00:00:00.000000Z
216,1J,TI4A,,CH1,2019-01-05T00:00:00.000000Z,2019-01-06T00:00:00.000000Z
217,1J,TI4A,,CH2,2019-01-05T00:00:00.000000Z,2019-01-06T00:00:00.000000Z
218,1J,TI4A,,CHZ,2019-01-05T00:00:00.000000Z,2019-01-06T00:00:00.000000Z
219,1J,TI3A,,CH1,2019-01-05T00:00:00.000000Z,2019-01-06T00:00:00.000000Z
220,1J,TI3A,,CH2,2019-01-05T00:00:00.000000Z,2019-01-06T00:00:00.000000Z
221,1J,TI3A,,CHZ,2019-01-05T00:00:00.000000Z,2019-01-06T00:00:00.000000Z
222,1J,TI8A,,CH1,2019-01-05T00:00:00.000000Z,2019-01-06T00:00:00.000000Z
223,1J,TI8A,,CH2,2019-01-05T00:00:00.000000Z,2019-01-06T00:00:00.000000Z
224,1J,TI8A,,CHZ,2019-01-05T00:00:00.000000Z,2019-01-06T00:00:00.000000Z
225,1J,TI6A,,CH1,2019-01-05T00:00:00.000000Z,2019-01-06T00:00:00.000000Z
226,1J,TI6A,,CH2,2019-01-05T00:00:00.000000Z,2019-01-06T00:00:00.000000Z
227,1J,TI6A,,CHZ,2019-01-05T00:00:00.000000Z,2019-01-06T00:00:00.000000Z
228,1J,TI1A,,CH1,2019-01-05T00:00:00.000000Z,2019-01-06T00:00:00.000000Z
229,1J,TI1A,,CH2,2019-01-05T00:00:00.000000Z,2019-01-06T00:00:00.000000Z
230,1J,TI1A,,CHZ,2019-01-05T00:00:00.000000Z,2019-01-06T00:00:00.000000Z
231,1J,TI7A,,CH1,2019-01-05T00:00:00.000000Z,2019-01-06T00:00:00.000000Z
232,1J,TI7A,,CH2,2019-01-05T00:00:00.000000Z,2019-01-06T00:00:00.000000Z
233,1J,TI7A,,CHZ,2019-01-05T00:00:00.000000Z,2019-01-06T00:00:00.000000Z
234,1J,TI4A,,CH1,2019-01-06T00:00:00.000000Z,2019-01-07T00:00:00.000000Z
235,1J,TI4A,,CH2,2019-01-06T00:00:00.000000Z,2019-01-07T00:00:00.000000Z
236,1J,TI4A,,CHZ,2019-01-06T00:00:00.000000Z,2019-01-07T00:00:00.000000Z
237,1J,TI3A,,CH1,2019-01-06T00:00:00.000000Z,2019-01-07T00:00:00.000000Z
238,1J,TI3A,,CH2,2019-01-06T00:00:00.000000Z,2019-01-07T00:00:00.000000Z
239,1J,TI3A,,CHZ,2019-01-06T00:00:00.000000Z,2019-01-07T00:00:00.000000Z
240,1J,TI8A,,CH1,2019-01-06T00:00:00.000000Z,2019-01-07T00:00:00.000000Z
241,1J,TI8A,,CH2,2019-01-06T00:00:00.000000Z,2019-01-07T00:00:00.000000Z
242,1J,TI8A,,CHZ,2019-01-06T00:00:00.000000Z,2019-01-07T00:00:00.000000Z
243,1J,TI6A,,CH1,2019-01-06T00:00:00.000000Z,2019-01-07T00:00:00.000000Z
244,1J,TI6A,,CH2,2019-01-06T00:00:00.000000Z,2019-01-07T00:00:00.000000Z
245,1J,TI6A,,CHZ,2019-01-06T00:00:00.000000Z,2019-01-07T00:00:00.000000Z
246,1J,TI1A,,CH1,2019-01-06T00:00:00.000000Z,2019-01-07T00:00:00.000000Z
247,1J,TI1A,,CH2,2019-01-06T00:00:00.000000Z,2019-01-07T00:00:00.000000Z
248,1J,TI1A,,CHZ,2019-01-06T00:00:00.000000Z,2019-01-07T00:00:00.000000Z
249,1J,TI7A,,CH1,2019-01-06T00:00:00.000000Z,2019-01-07T00:00:00.000000Z
250,1J,TI7A,,CH2,2019-01-06T00:00:00.000000Z,2019-01-07T00:00:00.000000Z
251,1J,TI7A,,CHZ,2019-01-06T00:00:00.000000Z,2019-01-07T00:00:00.000000Z
252,1J,TI4A,,CH1,2019-01-07T00:00:00.000000Z,2019-01-08T00:00:00.000000Z
253,1J,TI4A,,CH2,2019-01-07T00:00:00.000000Z,2019-01-08T00:00:00.000000Z
254,1J,TI4A,,CHZ,2019-01-07T00:00:00.000000Z,2019-01-08T00:00:00.000000Z
255,1J,TI3A,,CH1,2019-01-07T00:00:00.000000Z,2019-01-08T00:00:00.000000Z
256,1J,TI3A,,CH2,2019-01-07T00:00:00.000000Z,2019-01-08T00:00:00.000000Z
257,1J,TI3A,,CHZ,2019-01-07T00:00:00.000000Z,2019-01-08T00:00:00.000000Z
258,1J,TI8A,,CH1,2019-01-07T00:00:00.000000Z,2019-01-08T00:00:00.000000Z
259,1J,TI8A,,CH2,2019-01-07T00:00:00.000000Z,2019-01-08T00:00:00.000000Z
260,1J,TI8A,,CHZ,2019-01-07T00:00:00.000000Z,2019-01-08T00:00:00.000000Z
261,1J,TI6A,,CH1,2019-01-07T00:00:00.000000Z,2019-01-08T00:00:00.000000Z
262,1J,TI6A,,CH2,2019-01-07T00:00:00.000000Z,2019-01-08T00:00:00.000000Z
263,1J,TI6A,,CHZ,2019-01-07T00:00:00.000000Z,2019-01-08T00:00:00.000000Z
264,1J,TI1A,,CH1,2019-01-07T00:00:00.000000Z,2019-01-08T00:00:00.000000Z
265,1J,TI1A,,CH2,2019-01-07T00:00:00.000000Z,2019-01-08T00:00:00.000000Z
266,1J,TI1A,,CHZ,2019-01-07T00:00:00.000000Z,2019-01-08T00:00:00.000000Z
267,1J,TI7A,,CH1,2019-01-07T00:00:00.000000Z,2019-01-08T00:00:00.000000Z
268,1J,TI7A,,CH2,2019-01-07T00:00:00.000000Z,2019-01-08T00:00:00.000000Z
269,1J,TI7A,,CHZ,2019-01-07T00:00:00.000000Z,2019-01-08T00:00:00.000000Z
270,1J,TI4A,,CH1,2019-01-08T00:00:00.000000Z,2019-01-09T00:00:00.000000Z
271,1J,TI4A,,CH2,2019-01-08T00:00:00.000000Z,2019-01-09T00:00:00.000000Z
272,1J,TI4A,,CHZ,2019-01-08T00:00:00.000000Z,2019-01-09T00:00:00.000000Z
273,1J,TI3A,,CH1,2019-01-08T00:00:00.000000Z,2019-01-09T00:00:00.000000Z
274,1J,TI3A,,CH2,2019-01-08T00:00:00.000000Z,2019-01-09T00:00:00.000000Z
275,1J,TI3A,,CHZ,2019-01-08T00:00:00.000000Z,2019-01-09T00:00:00.000000Z
276,1J,TI8A,,CH1,2019-01-08T00:00:00.000000Z,2019-01-08T06:09:48.198000Z
277,1J,TI8A,,CH1,2019-01-08T06:14:29.622000Z,2019-01-09T00:00:00.000000Z
278,1J,TI8A,,CH2,2019-01-08T00:00:00.000000Z,2019-01-08T06:09:48.062000Z
279,1J,TI8A,,CH2,2019-01-08T06:14:29.898000Z,2019-01-09T00:00:00.000000Z
280,1J,TI8A,,CHZ,2019-01-08T00:00:00.000000Z,2019-01-08T06:09:48.156000Z
281,1J,TI8A,,CHZ,2019-01-08T06:14:30.240000Z,2019-01-09T00:00:00.000000Z
282,1J,TI6A,,CH1,2019-01-08T00:00:00.000000Z,2019-01-09T00:00:00.000000Z
283,1J,TI6A,,CH2,2019-01-08T00:00:00.000000Z,2019-01-09T00:00:00.000000Z
284,1J,TI6A,,CHZ,2019-01-08T00:00:00.000000Z,2019-01-09T00:00:00.000000Z
285,1J,TI1A,,CH1,2019-01-08T00:00:00.000000Z,2019-01-09T00:00:00.000000Z
286,1J,TI1A,,CH2,2019-01-08T00:00:00.000000Z,2019-01-09T00:00:00.000000Z
287,1J,TI1A,,CHZ,2019-01-08T00:00:00.000000Z,2019-01-09T00:00:00.000000Z
288,1J,TI7A,,CH1,2019-01-08T00:00:00.000000Z,2019-01-09T00:00:00.000000Z
289,1J,TI7A,,CH2,2019-01-08T00:00:00.000000Z,2019-01-09T00:00:00.000000Z
290,1J,TI7A,,CHZ,2019-01-08T00:00:00.000000Z,2019-01-09T00:00:00.000000Z
291,1J,TI4A,,CH1,2019-01-09T00:00:00.000000Z,2019-01-10T00:00:00.000000Z
292,1J,TI4A,,CH2,2019-01-09T00:00:00.000000Z,2019-01-10T00:00:00.000000Z
293,1J,TI4A,,CHZ,2019-01-09T00:00:00.000000Z,2019-01-10T00:00:00.000000Z
294,1J,TI3A,,CH1,2019-01-09T00:00:00.000000Z,2019-01-10T00:00:00.000000Z
295,1J,TI3A,,CH2,2019-01-09T00:00:00.000000Z,2019-01-10T00:00:00.000000Z
296,1J,TI3A,,CHZ,2019-01-09T00:00:00.000000Z,2019-01-10T00:00:00.000000Z
297,1J,TI8A,,CH1,2019-01-09T00:00:00.000000Z,2019-01-10T00:00:00.000000Z
298,1J,TI8A,,CH2,2019-01-09T00:00:00.000000Z,2019-01-10T00:00:00.000000Z
299,1J,TI8A,,CHZ,2019-01-09T00:00:00.000000Z,2019-01-10T00:00:00.000000Z
300,1J,TI6A,,CH1,2019-01-09T00:00:00.000000Z,2019-01-10T00:00:00.000000Z
301,1J,TI6A,,CH2,2019-01-09T00:00:00.000000Z,2019-01-10T00:00:00.000000Z
302,1J,TI6A,,CHZ,2019-01-09T00:00:00.000000Z,2019-01-10T00:00:00.000000Z
303,1J,TI1A,,CH1,2019-01-09T00:00:00.000000Z,2019-01-10T00:00:00.000000Z
304,1J,TI1A,,CH2,2019-01-09T00:00:00.000000Z,2019-01-10T00:00:00.000000Z
305,1J,TI1A,,CHZ,2019-01-09T00:00:00.000000Z,2019-01-10T00:00:00.000000Z
306,1J,TI7A,,CH1,2019-01-09T00:00:00.000000Z,2019-01-10T00:00:00.000000Z
307,1J,TI7A,,CH2,2019-01-09T00:00:00.000000Z,2019-01-10T00:00:00.000000Z
308,1J,TI7A,,CHZ,2019-01-09T00:00:00.000000Z,2019-01-10T00:00:00.000000Z
309,1J,TI4A,,CH1,2019-01-10T00:00:00.000000Z,2019-01-11T00:00:00.000000Z
310,1J,TI4A,,CH2,2019-01-10T00:00:00.000000Z,2019-01-11T00:00:00.000000Z
311,1J,TI4A,,CHZ,2019-01-10T00:00:00.000000Z,2019-01-11T00:00:00.000000Z
312,1J,TI3A,,CH1,2019-01-10T00:00:00.000000Z,2019-01-11T00:00:00.000000Z
313,1J,TI3A,,CH2,2019-01-10T00:00:00.000000Z,2019-01-11T00:00:00.000000Z
314,1J,TI3A,,CHZ,2019-01-10T00:00:00.000000Z,2019-01-11T00:00:00.000000Z
315,1J,TI8A,,CH1,2019-01-10T00:00:00.000000Z,2019-01-11T00:00:00.000000Z
316,1J,TI8A,,CH2,2019-01-10T00:00:00.000000Z,2019-01-11T00:00:00.000000Z
317,1J,TI8A,,CHZ,2019-01-10T00:00:00.000000Z,2019-01-11T00:00:00.000000Z
318,1J,TI6A,,CH1,2019-01-10T00:00:00.000000Z,2019-01-11T00:00:00.000000Z
319,1J,TI6A,,CH2,2019-01-10T00:00:00.000000Z,2019-01-11T00:00:00.000000Z
320,1J,TI6A,,CHZ,2019-01-10T00:00:00.000000Z,2019-01-11T00:00:00.000000Z
321,1J,TI1A,,CH1,2019-01-10T00:00:00.000000Z,2019-01-11T00:00:00.000000Z
322,1J,TI1A,,CH2,2019-01-10T00:00:00.000000Z,2019-01-11T00:00:00.000000Z
323,1J,TI1A,,CHZ,2019-01-10T00:00:00.000000Z,2019-01-11T00:00:00.000000Z
324,1J,TI7A,,CH1,2019-01-10T00:00:00.000000Z,2019-01-11T00:00:00.000000Z
325,1J,TI7A,,CH2,2019-01-10T00:00:00.000000Z,2019-01-11T00:00:00.000000Z
326,1J,TI7A,,CHZ,2019-01-10T00:00:00.000000Z,2019-01-11T00:00:00.000000Z
327,1J,TI4A,,CH1,2019-01-11T00:00:00.000000Z,2019-01-12T00:00:00.000000Z
328,1J,TI4A,,CH2,2019-01-11T00:00:00.000000Z,2019-01-12T00:00:00.000000Z
329,1J,TI4A,,CHZ,2019-01-11T00:00:00.000000Z,2019-01-12T00:00:00.000000Z
330,1J,TI3A,,CH1,2019-01-11T00:00:00.000000Z,2019-01-12T00:00:00.000000Z
331,1J,TI3A,,CH2,2019-01-11T00:00:00.000000Z,2019-01-12T00:00:00.000000Z
332,1J,TI3A,,CHZ,2019-01-11T00:00:00.000000Z,2019-01-12T00:00:00.000000Z
333,1J,TI8A,,CH1,2019-01-11T00:00:00.000000Z,2019-01-12T00:00:00.000000Z
334,1J,TI8A,,CH2,2019-01-11T00:00:00.000000Z,2019-01-12T00:00:00.000000Z
335,1J,TI8A,,CHZ,2019-01-11T00:00:00.000000Z,2019-01-12T00:00:00.000000Z
336,1J,TI6A,,CH1,2019-01-11T00:00:00.000000Z,2019-01-12T00:00:00.000000Z
337,1J,TI6A,,CH2,2019-01-11T00:00:00.000000Z,2019-01-12T00:00:00.000000Z
338,1J,TI6A,,CHZ,2019-01-11T00:00:00.000000Z,2019-01-12T00:00:00.000000Z
339,1J,TI1A,,CH1,2019-01-11T00:00:00.000000Z,2019-01-12T00:00:00.000000Z
340,1J,TI1A,,CH2,2019-01-11T00:00:00.000000Z,2019-01-12T00:00:00.000000Z
341,1J,TI1A,,CHZ,2019-01-11T00:00:00.000000Z,2019-01-12T00:00:00.000000Z
342,1J,TI7A,,CH1,2019-01-11T00:00:00.000000Z,2019-01-11T21:04:08.156000Z
343,1J,TI7A,,CH1,2019-01-11T21:12:39.312000Z,2019-01-11T21:12:40.956000Z
344,1J,TI7A,,CH1,2019-01-11T21:12:42.246000Z,2019-01-11T21:17:16.638000Z
345,1J,TI7A,,CH1,2019-01-11T21:25:30.032000Z,2019-01-11T21:26:01.192000Z
346,1J,TI7A,,CH1,2019-01-11T21:37:26.708000Z,2019-01-11T21:37:41.910000Z
347,1J,TI7A,,CH1,2019-01-11T21:37:42.302000Z,2019-01-11T21:37:59.138000Z
348,1J,TI7A,,CH1,2019-01-11T21:50:17.628000Z,2019-01-11T21:50:18.114000Z
349,1J,TI7A,,CH2,2019-01-11T00:00:00.000000Z,2019-01-11T21:04:08.100000Z
350,1J,TI7A,,CH2,2019-01-11T21:12:39.452000Z,2019-01-11T21:12:40.956000Z
351,1J,TI7A,,CH2,2019-01-11T21:12:42.246000Z,2019-01-11T21:17:16.698000Z
352,1J,TI7A,,CH2,2019-01-11T21:25:29.744000Z,2019-01-11T21:26:01.204000Z
353,1J,TI7A,,CH2,2019-01-11T21:37:26.840000Z,2019-01-11T21:37:41.910000Z
354,1J,TI7A,,CH2,2019-01-11T21:37:42.302000Z,2019-01-11T21:37:59.334000Z
355,1J,TI7A,,CH2,2019-01-11T21:50:17.796000Z,2019-01-11T21:50:18.226000Z
356,1J,TI7A,,CHZ,2019-01-11T00:00:00.000000Z,2019-01-11T21:04:08.034000Z
357,1J,TI7A,,CHZ,2019-01-11T21:12:39.324000Z,2019-01-11T21:12:40.956000Z
358,1J,TI7A,,CHZ,2019-01-11T21:12:42.246000Z,2019-01-11T21:17:16.804000Z
359,1J,TI7A,,CHZ,2019-01-11T21:25:29.940000Z,2019-01-11T21:26:01.268000Z
360,1J,TI7A,,CHZ,2019-01-11T21:37:26.806000Z,2019-01-11T21:37:41.910000Z
361,1J,TI7A,,CHZ,2019-01-11T21:37:42.302000Z,2019-01-11T21:37:59.182000Z
362,1J,TI7A,,CHZ,2019-01-11T21:50:17.828000Z,2019-01-11T21:50:18.362000Z
363,1J,TI4A,,CH1,2019-01-12T00:00:00.000000Z,2019-01-13T00:00:00.000000Z
364,1J,TI4A,,CH2,2019-01-12T00:00:00.000000Z,2019-01-13T00:00:00.000000Z
365,1J,TI4A,,CHZ,2019-01-12T00:00:00.000000Z,2019-01-13T00:00:00.000000Z
366,1J,TI3A,,CH1,2019-01-12T00:00:00.000000Z,2019-01-13T00:00:00.000000Z
367,1J,TI3A,,CH2,2019-01-12T00:00:00.000000Z,2019-01-13T00:00:00.000000Z
368,1J,TI3A,,CHZ,2019-01-12T00:00:00.000000Z,2019-01-13T00:00:00.000000Z
369,1J,TI8A,,CH1,2019-01-12T00:00:00.000000Z,2019-01-13T00:00:00.000000Z
370,1J,TI8A,,CH2,2019-01-12T00:00:00.000000Z,2019-01-13T00:00:00.000000Z
371,1J,TI8A,,CHZ,2019-01-12T00:00:00.000000Z,2019-01-13T00:00:00.000000Z
372,1J,TI6A,,CH1,2019-01-12T00:00:00.000000Z,2019-01-13T00:00:00.000000Z
373,1J,TI6A,,CH2,2019-01-12T00:00:00.000000Z,2019-01-13T00:00:00.000000Z
374,1J,TI6A,,CHZ,2019-01-12T00:00:00.000000Z,2019-01-13T00:00:00.000000Z
375,1J,TI1A,,CH1,2019-01-12T00:00:00.000000Z,2019-01-13T00:00:00.000000Z
376,1J,TI1A,,CH2,2019-01-12T00:00:00.000000Z,2019-01-13T00:00:00.000000Z
377,1J,TI1A,,CHZ,2019-01-12T00:00:00.000000Z,2019-01-13T00:00:00.000000Z
378,1J,TI4A,,CH1,2019-01-13T00:00:00.000000Z,2019-01-14T00:00:00.000000Z
379,1J,TI4A,,CH2,2019-01-13T00:00:00.000000Z,2019-01-14T00:00:00.000000Z
380,1J,TI4A,,CHZ,2019-01-13T00:00:00.000000Z,2019-01-14T00:00:00.000000Z
381,1J,TI3A,,CH1,2019-01-13T00:00:00.000000Z,2019-01-14T00:00:00.000000Z
382,1J,TI3A,,CH2,2019-01-13T00:00:00.000000Z,2019-01-14T00:00:00.000000Z
383,1J,TI3A,,CHZ,2019-01-13T00:00:00.000000Z,2019-01-14T00:00:00.000000Z
384,1J,TI8A,,CH1,2019-01-13T00:00:00.000000Z,2019-01-14T00:00:00.000000Z
385,1J,TI8A,,CH2,2019-01-13T00:00:00.000000Z,2019-01-14T00:00:00.000000Z
386,1J,TI8A,,CHZ,2019-01-13T00:00:00.000000Z,2019-01-14T00:00:00.000000Z
387,1J,TI6A,,CH1,2019-01-13T00:00:00.000000Z,2019-01-14T00:00:00.000000Z
388,1J,TI6A,,CH2,2019-01-13T00:00:00.000000Z,2019-01-14T00:00:00.000000Z
389,1J,TI6A,,CHZ,2019-01-13T00:00:00.000000Z,2019-01-14T00:00:00.000000Z
390,1J,TI1A,,CH1,2019-01-13T00:00:00.000000Z,2019-01-14T00:00:00.000000Z
391,1J,TI1A,,CH2,2019-01-13T00:00:00.000000Z,2019-01-14T00:00:00.000000Z
392,1J,TI1A,,CHZ,2019-01-13T00:00:00.000000Z,2019-01-14T00:00:00.000000Z
393,1J,TI4A,,CH1,2019-01-14T00:00:00.000000Z,2019-01-15T00:00:00.000000Z
394,1J,TI4A,,CH2,2019-01-14T00:00:00.000000Z,2019-01-15T00:00:00.000000Z
395,1J,TI4A,,CHZ,2019-01-14T00:00:00.000000Z,2019-01-15T00:00:00.000000Z
396,1J,TI3A,,CH1,2019-01-14T00:00:00.000000Z,2019-01-15T00:00:00.000000Z
397,1J,TI3A,,CH2,2019-01-14T00:00:00.000000Z,2019-01-15T00:00:00.000000Z
398,1J,TI3A,,CHZ,2019-01-14T00:00:00.000000Z,2019-01-15T00:00:00.000000Z
399,1J,TI8A,,CH1,2019-01-14T00:00:00.000000Z,2019-01-15T00:00:00.000000Z
400,1J,TI8A,,CH2,2019-01-14T00:00:00.000000Z,2019-01-15T00:00:00.000000Z
401,1J,TI8A,,CHZ,2019-01-14T00:00:00.000000Z,2019-01-15T00:00:00.000000Z
402,1J,TI6A,,CH1,2019-01-14T00:00:00.000000Z,2019-01-15T00:00:00.000000Z
403,1J,TI6A,,CH2,2019-01-14T00:00:00.000000Z,2019-01-15T00:00:00.000000Z
404,1J,TI6A,,CHZ,2019-01-14T00:00:00.000000Z,2019-01-15T00:00:00.000000Z
405,1J,TI1A,,CH1,2019-01-14T00:00:00.000000Z,2019-01-15T00:00:00.000000Z
406,1J,TI1A,,CH2,2019-01-14T00:00:00.000000Z,2019-01-15T00:00:00.000000Z
407,1J,TI1A,,CHZ,2019-01-14T00:00:00.000000Z,2019-01-15T00:00:00.000000Z
408,1J,TI4A,,CH1,2019-01-15T00:00:00.000000Z,2019-01-16T00:00:00.000000Z
409,1J,TI4A,,CH2,2019-01-15T00:00:00.000000Z,2019-01-16T00:00:00.000000Z
410,1J,TI4A,,CHZ,2019-01-15T00:00:00.000000Z,2019-01-16T00:00:00.000000Z
411,1J,TI3A,,CH1,2019-01-15T00:00:00.000000Z,2019-01-16T00:00:00.000000Z
412,1J,TI3A,,CH2,2019-01-15T00:00:00.000000Z,2019-01-16T00:00:00.000000Z
413,1J,TI3A,,CHZ,2019-01-15T00:00:00.000000Z,2019-01-16T00:00:00.000000Z
414,1J,TI8A,,CH1,2019-01-15T00:00:00.000000Z,2019-01-16T00:00:00.000000Z
415,1J,TI8A,,CH2,2019-01-15T00:00:00.000000Z,2019-01-16T00:00:00.000000Z
416,1J,TI8A,,CHZ,2019-01-15T00:00:00.000000Z,2019-01-16T00:00:00.000000Z
417,1J,TI6A,,CH1,2019-01-15T00:00:00.000000Z,2019-01-16T00:00:00.000000Z
418,1J,TI6A,,CH2,2019-01-15T00:00:00.000000Z,2019-01-16T00:00:00.000000Z
419,1J,TI6A,,CHZ,2019-01-15T00:00:00.000000Z,2019-01-16T00:00:00.000000Z
420,1J,TI1A,,CH1,2019-01-15T00:00:00.000000Z,2019-01-16T00:00:00.000000Z
421,1J,TI1A,,CH2,2019-01-15T00:00:00.000000Z,2019-01-16T00:00:00.000000Z
422,1J,TI1A,,CHZ,2019-01-15T00:00:00.000000Z,2019-01-16T00:00:00.000000Z
423,1J,TI4A,,CH1,2019-01-16T00:00:00.000000Z,2019-01-17T00:00:00.000000Z
424,1J,TI4A,,CH2,2019-01-16T00:00:00.000000Z,2019-01-17T00:00:00.000000Z
425,1J,TI4A,,CHZ,2019-01-16T00:00:00.000000Z,2019-01-17T00:00:00.000000Z
426,1J,TI3A,,CH1,2019-01-16T00:00:00.000000Z,2019-01-17T00:00:00.000000Z
427,1J,TI3A,,CH2,2019-01-16T00:00:00.000000Z,2019-01-17T00:00:00.000000Z
428,1J,TI3A,,CHZ,2019-01-16T00:00:00.000000Z,2019-01-17T00:00:00.000000Z
429,1J,TI8A,,CH1,2019-01-16T00:00:00.000000Z,2019-01-17T00:00:00.000000Z
430,1J,TI8A,,CH2,2019-01-16T00:00:00.000000Z,2019-01-17T00:00:00.000000Z
431,1J,TI8A,,CHZ,2019-01-16T00:00:00.000000Z,2019-01-17T00:00:00.000000Z
432,1J,TI6A,,CH1,2019-01-16T00:00:00.000000Z,2019-01-17T00:00:00.000000Z
433,1J,TI6A,,CH2,2019-01-16T00:00:00.000000Z,2019-01-17T00:00:00.000000Z
434,1J,TI6A,,CHZ,2019-01-16T00:00:00.000000Z,2019-01-17T00:00:00.000000Z
435,1J,TI1A,,CH1,2019-01-16T00:00:00.000000Z,2019-01-17T00:00:00.000000Z
436,1J,TI1A,,CH2,2019-01-16T00:00:00.000000Z,2019-01-17T00:00:00.000000Z
437,1J,TI1A,,CHZ,2019-01-16T00:00:00.000000Z,2019-01-17T00:00:00.000000Z
438,1J,TI4A,,CH1,2019-01-17T00:00:00.000000Z,2019-01-18T00:00:00.000000Z
439,1J,TI4A,,CH2,2019-01-17T00:00:00.000000Z,2019-01-18T00:00:00.000000Z
440,1J,TI4A,,CHZ,2019-01-17T00:00:00.000000Z,2019-01-18T00:00:00.000000Z
441,1J,TI3A,,CH1,2019-01-17T00:00:00.000000Z,2019-01-18T00:00:00.000000Z
442,1J,TI3A,,CH2,2019-01-17T00:00:00.000000Z,2019-01-18T00:00:00.000000Z
443,1J,TI3A,,CHZ,2019-01-17T00:00:00.000000Z,2019-01-18T00:00:00.000000Z
444,1J,TI8A,,CH1,2019-01-17T00:00:00.000000Z,2019-01-18T00:00:00.000000Z
445,1J,TI8A,,CH2,2019-01-17T00:00:00.000000Z,2019-01-18T00:00:00.000000Z
446,1J,TI8A,,CHZ,2019-01-17T00:00:00.000000Z,2019-01-18T00:00:00.000000Z
447,1J,TI6A,,CH1,2019-01-17T00:00:00.000000Z,2019-01-18T00:00:00.000000Z
448,1J,TI6A,,CH2,2019-01-17T00:00:00.000000Z,2019-01-18T00:00:00.000000Z
449,1J,TI6A,,CHZ,2019-01-17T00:00:00.000000Z,2019-01-18T00:00:00.000000Z
450,1J,TI1A,,CH1,2019-01-17T00:00:00.000000Z,2019-01-18T00:00:00.000000Z
451,1J,TI1A,,CH2,2019-01-17T00:00:00.000000Z,2019-01-18T00:00:00.000000Z
452,1J,TI1A,,CHZ,2019-01-17T00:00:00.000000Z,2019-01-18T00:00:00.000000Z
453,1J,TI4A,,CH1,2019-01-18T00:00:00.000000Z,2019-01-19T00:00:00.000000Z
454,1J,TI4A,,CH2,2019-01-18T00:00:00.000000Z,2019-01-19T00:00:00.000000Z
455,1J,TI4A,,CHZ,2019-01-18T00:00:00.000000Z,2019-01-19T00:00:00.000000Z
456,1J,TI3A,,CH1,2019-01-18T00:00:00.000000Z,2019-01-19T00:00:00.000000Z
457,1J,TI3A,,CH2,2019-01-18T00:00:00.000000Z,2019-01-19T00:00:00.000000Z
458,1J,TI3A,,CHZ,2019-01-18T00:00:00.000000Z,2019-01-19T00:00:00.000000Z
459,1J,TI8A,,CH1,2019-01-18T00:00:00.000000Z,2019-01-19T00:00:00.000000Z
460,1J,TI8A,,CH2,2019-01-18T00:00:00.000000Z,2019-01-19T00:00:00.000000Z
461,1J,TI8A,,CHZ,2019-01-18T00:00:00.000000Z,2019-01-19T00:00:00.000000Z
462,1J,TI6A,,CH1,2019-01-18T00:00:00.000000Z,2019-01-19T00:00:00.000000Z
463,1J,TI6A,,CH2,2019-01-18T00:00:00.000000Z,2019-01-19T00:00:00.000000Z
464,1J,TI6A,,CHZ,2019-01-18T00:00:00.000000Z,2019-01-19T00:00:00.000000Z
465,1J,TI1A,,CH1,2019-01-18T00:00:00.000000Z,2019-01-19T00:00:00.000000Z
466,1J,TI1A,,CH2,2019-01-18T00:00:00.000000Z,2019-01-19T00:00:00.000000Z
467,1J,TI1A,,CHZ,2019-01-18T00:00:00.000000Z,2019-01-19T00:00:00.000000Z
468,1J,TI4A,,CH1,2019-01-19T00:00:00.000000Z,2019-01-20T00:00:00.000000Z
469,1J,TI4A,,CH2,2019-01-19T00:00:00.000000Z,2019-01-20T00:00:00.000000Z
470,1J,TI4A,,CHZ,2019-01-19T00:00:00.000000Z,2019-01-20T00:00:00.000000Z
471,1J,TI3A,,CH1,2019-01-19T00:00:00.000000Z,2019-01-20T00:00:00.000000Z
472,1J,TI3A,,CH2,2019-01-19T00:00:00.000000Z,2019-01-20T00:00:00.000000Z
473,1J,TI3A,,CHZ,2019-01-19T00:00:00.000000Z,2019-01-20T00:00:00.000000Z
474,1J,TI8A,,CH1,2019-01-19T00:00:00.000000Z,2019-01-20T00:00:00.000000Z
475,1J,TI8A,,CH2,2019-01-19T00:00:00.000000Z,2019-01-20T00:00:00.000000Z
476,1J,TI8A,,CHZ,2019-01-19T00:00:00.000000Z,2019-01-20T00:00:00.000000Z
477,1J,TI6A,,CH1,2019-01-19T00:00:00.000000Z,2019-01-20T00:00:00.000000Z
478,1J,TI6A,,CH2,2019-01-19T00:00:00.000000Z,2019-01-20T00:00:00.000000Z
479,1J,TI6A,,CHZ,2019-01-19T00:00:00.000000Z,2019-01-20T00:00:00.000000Z
480,1J,TI1A,,CH1,2019-01-19T00:00:00.000000Z,2019-01-20T00:00:00.000000Z
481,1J,TI1A,,CH2,2019-01-19T00:00:00.000000Z,2019-01-20T00:00:00.000000Z
482,1J,TI1A,,CHZ,2019-01-19T00:00:00.000000Z,2019-01-20T00:00:00.000000Z
483,1J,TI4A,,CH1,2019-01-20T00:00:00.000000Z,2019-01-21T00:00:00.000000Z
484,1J,TI4A,,CH2,2019-01-20T00:00:00.000000Z,2019-01-21T00:00:00.000000Z
485,1J,TI4A,,CHZ,2019-01-20T00:00:00.000000Z,2019-01-21T00:00:00.000000Z
486,1J,TI3A,,CH1,2019-01-20T00:00:00.000000Z,2019-01-21T00:00:00.000000Z
487,1J,TI3A,,CH2,2019-01-20T00:00:00.000000Z,2019-01-21T00:00:00.000000Z
488,1J,TI3A,,CHZ,2019-01-20T00:00:00.000000Z,2019-01-21T00:00:00.000000Z
489,1J,TI8A,,CH1,2019-01-20T00:00:00.000000Z,2019-01-21T00:00:00.000000Z
490,1J,TI8A,,CH2,2019-01-20T00:00:00.000000Z,2019-01-21T00:00:00.000000Z
491,1J,TI8A,,CHZ,2019-01-20T00:00:00.000000Z,2019-01-21T00:00:00.000000Z
492,1J,TI6A,,CH1,2019-01-20T00:00:00.000000Z,2019-01-21T00:00:00.000000Z
493,1J,TI6A,,CH2,2019-01-20T00:00:00.000000Z,2019-01-21T00:00:00.000000Z
494,1J,TI6A,,CHZ,2019-01-20T00:00:00.000000Z,2019-01-21T00:00:00.000000Z
495,1J,TI1A,,CH1,2019-01-20T00:00:00.000000Z,2019-01-21T00:00:00.000000Z
496,1J,TI1A,,CH2,2019-01-20T00:00:00.000000Z,2019-01-21T00:00:00.000000Z
497,1J,TI1A,,CHZ,2019-01-20T00:00:00.000000Z,2019-01-21T00:00:00.000000Z
498,1J,TI4A,,CH1,2019-01-21T00:00:00.000000Z,2019-01-22T00:00:00.000000Z
499,1J,TI4A,,CH2,2019-01-21T00:00:00.000000Z,2019-01-22T00:00:00.000000Z
500,1J,TI4A,,CHZ,2019-01-21T00:00:00.000000Z,2019-01-22T00:00:00.000000Z
501,1J,TI3A,,CH1,2019-01-21T00:00:00.000000Z,2019-01-22T00:00:00.000000Z
502,1J,TI3A,,CH2,2019-01-21T00:00:00.000000Z,2019-01-22T00:00:00.000000Z
503,1J,TI3A,,CHZ,2019-01-21T00:00:00.000000Z,2019-01-22T00:00:00.000000Z
504,1J,TI8A,,CH1,2019-01-21T00:00:00.000000Z,2019-01-22T00:00:00.000000Z
505,1J,TI8A,,CH2,2019-01-21T00:00:00.000000Z,2019-01-22T00:00:00.000000Z
506,1J,TI8A,,CHZ,2019-01-21T00:00:00.000000Z,2019-01-22T00:00:00.000000Z
507,1J,TI6A,,CH1,2019-01-21T00:00:00.000000Z,2019-01-22T00:00:00.000000Z
508,1J,TI6A,,CH2,2019-01-21T00:00:00.000000Z,2019-01-22T00:00:00.000000Z
509,1J,TI6A,,CHZ,2019-01-21T00:00:00.000000Z,2019-01-22T00:00:00.000000Z
510,1J,TI1A,,CH1,2019-01-21T00:00:00.000000Z,2019-01-22T00:00:00.000000Z
511,1J,TI1A,,CH2,2019-01-21T00:00:00.000000Z,2019-01-22T00:00:00.000000Z
512,1J,TI1A,,CHZ,2019-01-21T00:00:00.000000Z,2019-01-22T00:00:00.000000Z
513,1J,TI4A,,CH1,2019-01-22T00:00:00.000000Z,2019-01-23T00:00:00.000000Z
514,1J,TI4A,,CH2,2019-01-22T00:00:00.000000Z,2019-01-23T00:00:00.000000Z
515,1J,TI4A,,CHZ,2019-01-22T00:00:00.000000Z,2019-01-23T00:00:00.000000Z
516,1J,TI3A,,CH1,2019-01-22T00:00:00.000000Z,2019-01-23T00:00:00.000000Z
517,1J,TI3A,,CH2,2019-01-22T00:00:00.000000Z,2019-01-23T00:00:00.000000Z
518,1J,TI3A,,CHZ,2019-01-22T00:00:00.000000Z,2019-01-23T00:00:00.000000Z
519,1J,TI8A,,CH1,2019-01-22T00:00:00.000000Z,2019-01-23T00:00:00.000000Z
520,1J,TI8A,,CH2,2019-01-22T00:00:00.000000Z,2019-01-23T00:00:00.000000Z
521,1J,TI8A,,CHZ,2019-01-22T00:00:00.000000Z,2019-01-23T00:00:00.000000Z
522,1J,TI6A,,CH1,2019-01-22T00:00:00.000000Z,2019-01-23T00:00:00.000000Z
523,1J,TI6A,,CH2,2019-01-22T00:00:00.000000Z,2019-01-23T00:00:00.000000Z
524,1J,TI6A,,CHZ,2019-01-22T00:00:00.000000Z,2019-01-23T00:00:00.000000Z
525,1J,TI1A,,CH1,2019-01-22T00:00:00.000000Z,2019-01-23T00:00:00.000000Z
526,1J,TI1A,,CH2,2019-01-22T00:00:00.000000Z,2019-01-23T00:00:00.000000Z
527,1J,TI1A,,CHZ,2019-01-22T00:00:00.000000Z,2019-01-23T00:00:00.000000Z
528,1J,TI4A,,CH1,2019-01-23T00:00:00.000000Z,2019-01-24T00:00:00.000000Z
529,1J,TI4A,,CH2,2019-01-23T00:00:00.000000Z,2019-01-24T00:00:00.000000Z
530,1J,TI4A,,CHZ,2019-01-23T00:00:00.000000Z,2019-01-24T00:00:00.000000Z
531,1J,TI3A,,CH1,2019-01-23T00:00:00.000000Z,2019-01-24T00:00:00.000000Z
532,1J,TI3A,,CH2,2019-01-23T00:00:00.000000Z,2019-01-24T00:00:00.000000Z
533,1J,TI3A,,CHZ,2019-01-23T00:00:00.000000Z,2019-01-24T00:00:00.000000Z
534,1J,TI8A,,CH1,2019-01-23T00:00:00.000000Z,2019-01-24T00:00:00.000000Z
535,1J,TI8A,,CH2,2019-01-23T00:00:00.000000Z,2019-01-24T00:00:00.000000Z
536,1J,TI8A,,CHZ,2019-01-23T00:00:00.000000Z,2019-01-24T00:00:00.000000Z
537,1J,TI6A,,CH1,2019-01-23T00:00:00.000000Z,2019-01-24T00:00:00.000000Z
538,1J,TI6A,,CH2,2019-01-23T00:00:00.000000Z,2019-01-24T00:00:00.000000Z
539,1J,TI6A,,CHZ,2019-01-23T00:00:00.000000Z,2019-01-24T00:00:00.000000Z
540,1J,TI1A,,CH1,2019-01-23T00:00:00.000000Z,2019-01-24T00:00:00.000000Z
541,1J,TI1A,,CH2,2019-01-23T00:00:00.000000Z,2019-01-24T00:00:00.000000Z
542,1J,TI1A,,CHZ,2019-01-23T00:00:00.000000Z,2019-01-24T00:00:00.000000Z
543,1J,TI4A,,CH1,2019-01-24T00:00:00.000000Z,2019-01-25T00:00:00.000000Z
544,1J,TI4A,,CH2,2019-01-24T00:00:00.000000Z,2019-01-25T00:00:00.000000Z
545,1J,TI4A,,CHZ,2019-01-24T00:00:00.000000Z,2019-01-25T00:00:00.000000Z
546,1J,TI3A,,CH1,2019-01-24T00:00:00.000000Z,2019-01-25T00:00:00.000000Z
547,1J,TI3A,,CH2,2019-01-24T00:00:00.000000Z,2019-01-25T00:00:00.000000Z
548,1J,TI3A,,CHZ,2019-01-24T00:00:00.000000Z,2019-01-25T00:00:00.000000Z
549,1J,TI8A,,CH1,2019-01-24T00:00:00.000000Z,2019-01-25T00:00:00.000000Z
550,1J,TI8A,,CH2,2019-01-24T00:00:00.000000Z,2019-01-25T00:00:00.000000Z
551,1J,TI8A,,CHZ,2019-01-24T00:00:00.000000Z,2019-01-25T00:00:00.000000Z
552,1J,TI6A,,CH1,2019-01-24T00:00:00.000000Z,2019-01-25T00:00:00.000000Z
553,1J,TI6A,,CH2,2019-01-24T00:00:00.000000Z,2019-01-25T00:00:00.000000Z
554,1J,TI6A,,CHZ,2019-01-24T00:00:00.000000Z,2019-01-25T00:00:00.000000Z
555,1J,TI1A,,CH1,2019-01-24T00:00:00.000000Z,2019-01-25T00:00:00.000000Z
556,1J,TI1A,,CH2,2019-01-24T00:00:00.000000Z,2019-01-25T00:00:00.000000Z
557,1J,TI1A,,CHZ,2019-01-24T00:00:00.000000Z,2019-01-25T00:00:00.000000Z
558,1J,TI4A,,CH1,2019-01-25T00:00:00.000000Z,2019-01-26T00:00:00.000000Z
559,1J,TI4A,,CH2,2019-01-25T00:00:00.000000Z,2019-01-26T00:00:00.000000Z
560,1J,TI4A,,CHZ,2019-01-25T00:00:00.000000Z,2019-01-26T00:00:00.000000Z
561,1J,TI3A,,CH1,2019-01-25T00:00:00.000000Z,2019-01-26T00:00:00.000000Z
562,1J,TI3A,,CH2,2019-01-25T00:00:00.000000Z,2019-01-26T00:00:00.000000Z
563,1J,TI3A,,CHZ,2019-01-25T00:00:00.000000Z,2019-01-26T00:00:00.000000Z
564,1J,TI8A,,CH1,2019-01-25T00:00:00.000000Z,2019-01-26T00:00:00.000000Z
565,1J,TI8A,,CH2,2019-01-25T00:00:00.000000Z,2019-01-26T00:00:00.000000Z
566,1J,TI8A,,CHZ,2019-01-25T00:00:00.000000Z,2019-01-26T00:00:00.000000Z
567,1J,TI6A,,CH1,2019-01-25T00:00:00.000000Z,2019-01-25T18:29:46.480000Z
568,1J,TI6A,,CH2,2019-01-25T00:00:00.000000Z,2019-01-25T18:29:47.134000Z
569,1J,TI6A,,CHZ,2019-01-25T00:00:00.000000Z,2019-01-25T18:29:46.648000Z
570,1J,TI1A,,CH1,2019-01-25T00:00:00.000000Z,2019-01-26T00:00:00.000000Z
571,1J,TI1A,,CH2,2019-01-25T00:00:00.000000Z,2019-01-26T00:00:00.000000Z
572,1J,TI1A,,CHZ,2019-01-25T00:00:00.000000Z,2019-01-26T00:00:00.000000Z
573,1J,TI4A,,CH1,2019-01-26T00:00:00.000000Z,2019-01-27T00:00:00.000000Z
574,1J,TI4A,,CH2,2019-01-26T00:00:00.000000Z,2019-01-27T00:00:00.000000Z
575,1J,TI4A,,CHZ,2019-01-26T00:00:00.000000Z,2019-01-27T00:00:00.000000Z
576,1J,TI3A,,CH1,2019-01-26T00:00:00.000000Z,2019-01-27T00:00:00.000000Z
577,1J,TI3A,,CH2,2019-01-26T00:00:00.000000Z,2019-01-27T00:00:00.000000Z
578,1J,TI3A,,CHZ,2019-01-26T00:00:00.000000Z,2019-01-27T00:00:00.000000Z
579,1J,TI8A,,CH1,2019-01-26T00:00:00.000000Z,2019-01-27T00:00:00.000000Z
580,1J,TI8A,,CH2,2019-01-26T00:00:00.000000Z,2019-01-27T00:00:00.000000Z
581,1J,TI8A,,CHZ,2019-01-26T00:00:00.000000Z,2019-01-27T00:00:00.000000Z
582,1J,TI1A,,CH1,2019-01-26T00:00:00.000000Z,2019-01-27T00:00:00.000000Z
583,1J,TI1A,,CH2,2019-01-26T00:00:00.000000Z,2019-01-27T00:00:00.000000Z
584,1J,TI1A,,CHZ,2019-01-26T00:00:00.000000Z,2019-01-27T00:00:00.000000Z
585,1J,TI4A,,CH1,2019-01-27T00:00:00.000000Z,2019-01-28T00:00:00.000000Z
586,1J,TI4A,,CH2,2019-01-27T00:00:00.000000Z,2019-01-28T00:00:00.000000Z
587,1J,TI4A,,CHZ,2019-01-27T00:00:00.000000Z,2019-01-28T00:00:00.000000Z
588,1J,TI3A,,CH1,2019-01-27T00:00:00.000000Z,2019-01-28T00:00:00.000000Z
589,1J,TI3A,,CH2,2019-01-27T00:00:00.000000Z,2019-01-28T00:00:00.000000Z
590,1J,TI3A,,CHZ,2019-01-27T00:00:00.000000Z,2019-01-28T00:00:00.000000Z
591,1J,TI8A,,CH1,2019-01-27T00:00:00.000000Z,2019-01-28T00:00:00.000000Z
592,1J,TI8A,,CH2,2019-01-27T00:00:00.000000Z,2019-01-28T00:00:00.000000Z
593,1J,TI8A,,CHZ,2019-01-27T00:00:00.000000Z,2019-01-28T00:00:00.000000Z
594,1J,TI1A,,CH1,2019-01-27T00:00:00.000000Z,2019-01-28T00:00:00.000000Z
595,1J,TI1A,,CH2,2019-01-27T00:00:00.000000Z,2019-01-28T00:00:00.000000Z
596,1J,TI1A,,CHZ,2019-01-27T00:00:00.000000Z,2019-01-28T00:00:00.000000Z
597,1J,TI4A,,CH1,2019-01-28T00:00:00.000000Z,2019-01-29T00:00:00.000000Z
598,1J,TI4A,,CH2,2019-01-28T00:00:00.000000Z,2019-01-29T00:00:00.000000Z
599,1J,TI4A,,CHZ,2019-01-28T00:00:00.000000Z,2019-01-29T00:00:00.000000Z
600,1J,TI3A,,CH1,2019-01-28T00:00:00.000000Z,2019-01-28T10:04:32.510000Z
601,1J,TI3A,,CH2,2019-01-28T00:00:00.000000Z,2019-01-28T10:04:32.632000Z
602,1J,TI3A,,CHZ,2019-01-28T00:00:00.000000Z,2019-01-28T10:04:32.432000Z
603,1J,TI8A,,CH1,2019-01-28T00:00:00.000000Z,2019-01-29T00:00:00.000000Z
604,1J,TI8A,,CH2,2019-01-28T00:00:00.000000Z,2019-01-29T00:00:00.000000Z
605,1J,TI8A,,CHZ,2019-01-28T00:00:00.000000Z,2019-01-29T00:00:00.000000Z
606,1J,TI1A,,CH1,2019-01-28T00:00:00.000000Z,2019-01-29T00:00:00.000000Z
607,1J,TI1A,,CH2,2019-01-28T00:00:00.000000Z,2019-01-29T00:00:00.000000Z
608,1J,TI1A,,CHZ,2019-01-28T00:00:00.000000Z,2019-01-29T00:00:00.000000Z
609,1J,TI4A,,CH1,2019-01-29T00:00:00.000000Z,2019-01-29T04:29:09.532000Z
610,1J,TI4A,,CH2,2019-01-29T00:00:00.000000Z,2019-01-29T04:29:09.620000Z
611,1J,TI4A,,CHZ,2019-01-29T00:00:00.000000Z,2019-01-29T04:29:09.416000Z
612,1J,TI8A,,CH1,2019-01-29T00:00:00.000000Z,2019-01-29T09:59:23.326000Z
613,1J,TI8A,,CH2,2019-01-29T00:00:00.000000Z,2019-01-29T09:59:23.262000Z
614,1J,TI8A,,CHZ,2019-01-29T00:00:00.000000Z,2019-01-29T09:59:23.630000Z
615,1J,TI1A,,CH1,2019-01-29T00:00:00.000000Z,2019-01-29T09:52:41.322000Z
616,1J,TI1A,,CH2,2019-01-29T00:00:00.000000Z,2019-01-29T09:52:41.134000Z
617,1J,TI1A,,CHZ,2019-01-29T00:00:00.000000Z,2019-01-29T09:52:41.632000Z
